Customer Feedback,Sentiment
credit card generating otp,Neutral
current account charges high,Positive
loan prepayment charges high,Positive
savings account opening process smooth,Positive
loan documentation process complicated,Negative
debit card activation process took long,Negative
satisfied easy online account opening savings account,Positive
branch enough seating,Neutral
debit card replacement process quick,Positive
loan interest rate increased without prior notice,Neutral
current account management convenient,Neutral
fixed deposit rates competitive,Positive
current account online services reliable,Neutral
savings account services reliable,Neutral
savings account minimum balance requirement high,Positive
mobile app support device,Neutral
loan disbursement process slow,Negative
get loan fixed deposit,Positive
atm often service,Neutral
set automatic bill payments account,Neutral
loan application process complicated,Negative
branch accessible disabled customers,Positive
bank customer service chat helpful,Neutral
atm fees high,Positive
current account mobile app crashes frequently,Positive
bank online services reliable,Neutral
close current account,Neutral
mobile banking app biometric login,Neutral
bank customer service helpful,Neutral
process getting new debit card quick easy,Positive
fixed deposit interest rates attractive,Positive
atm near office always functional,Positive
process opening current account took long,Negative
loan approval process slow cumbersome,Negative
credit card billing process confusing,Negative
debit card pin reset process confusing,Negative
mobile banking app biometric login,Neutral
overdraft protection current accounts helpful,Neutral
happy fixed deposit maturity process,Positive
savings account opening process easy,Positive
online banking interface intuitive,Neutral
mobile app support multiple accounts,Neutral
get passbook savings account,Neutral
credit card complimentary insurance good,Positive
debit card pin reset process confusing,Negative
online banking customer support helpful,Neutral
loan approval process took long,Negative
savings account minimum balance requirement high,Positive
savings account minimum balance requirement high,Positive
loan prepayment charges high,Positive
loan processing fee high,Positive
atm often service,Neutral
loan interest rates competitive,Neutral
savings account minimum balance requirement high,Positive
faced several issues transferring money current account,Neutral
debit card pin reset process confusing,Negative
happy travel benefits credit card,Positive
cashback offers credit cards attractive,Positive
rewards program credit cards beneficial,Neutral
open current account,Neutral
credit card linked account,Neutral
debit card issuance process slow,Negative
change contact information bank,Neutral
current account overdraft fees exorbitant,Neutral
lost savings account passbook get new one,Positive
loan disbursement process slow,Negative
credit card cashback offers good,Positive
loan disbursement process slow,Negative
debit card pin reset process confusing,Negative
savings account mobile app glitchy,Neutral
online application process credit cards easy,Positive
credit card generating credit score,Neutral
atm fees high,Positive
faced difficulty getting credit card activated,Neutral
loan tenure options flexible,Neutral
fixed deposit maturity process smooth,Positive
debit card delivered time,Neutral
atm network unreliable,Neutral
current account statement easy access,Positive
customer service savings accounts excellent,Positive
current account maintenance charges high,Positive
atm withdrawal limit low,Neutral
documents needed loan application,Neutral
get statement savings account,Neutral
loan officers knowledgeable helpful,Neutral
fixed deposit rates competitive,Positive
get overdraft current account,Neutral
satisfied easy fund transfer current account,Positive
get demand draft current account,Neutral
loan interest rates competitive,Neutral
debit card damaged,Neutral
loan processing fees clearly communicated,Positive
online banking system often,Neutral
savings account services reliable,Neutral
atm often service,Neutral
current account overdraft fees exorbitant,Neutral
loan processing fee high,Positive
happy fixed deposit maturity process,Positive
branch enough seating,Neutral
mobile banking app biometric login,Neutral
debit card accepted many places,Positive
overall banking services satisfactory meet needs,Neutral
loan officers knowledgeable,Neutral
online banking transactions secure,Positive
overdraft protection current accounts helpful,Neutral
get current account statement branch visit,Neutral
current account online services reliable,Neutral
happy quick resolution customer support,Positive
branch always crowded,Neutral
credit card billing process confusing,Negative
branch accessible disabled customers,Positive
loan processing fees clearly communicated,Positive
current account opening process easy,Positive
customer service loan unresponsive,Neutral
mobile banking app user friendly,Positive
mobile banking app support multiple accounts,Neutral
facing issue credit card,Neutral
savings account services reliable,Neutral
loan approval process slow,Negative
mobile banking app biometric login,Neutral
request new debit card,Positive
loan prepayment charges high,Positive
use debit card online purchases,Neutral
informed processing fees loan,Neutral
branch enough seating,Neutral
fixed deposit renewal process easy,Positive
savings account interest rates competitive,Neutral
online banking system often,Neutral
mobile banking app crashes frequently,Positive
branch always crowded,Neutral
current account online banking features convenient,Neutral
charged fee closing savings account,Neutral
use account wire transfers,Neutral
faced issues fraudulent transactions credit card,Neutral
hard time disputing charge credit card,Negative
branch long wait time,Negative
check savings account balance online,Neutral
current account customer service excellent,Positive
branch enough seating,Neutral
credit card rewards program excellent,Positive
get savings account statement sms,Neutral
bank fraud protection services effective,Positive
branch accessible disabled customers,Positive
online banking transactions secure,Positive
pay credit card bill online,Neutral
want open fixed deposit,Positive
loan processing time long,Negative
atm charges high,Positive
mobile banking app crashes frequently,Positive
documents required home loan,Neutral
atm fees high,Positive
tenure home loan,Neutral
loan processing fees clearly communicated,Positive
branch always crowded,Neutral
atm network unreliable,Neutral
debit card pin reset process confusing,Negative
loan interest rates high,Positive
loan processing time long,Negative
check savings account balance,Neutral
loan disbursement process slow,Negative
loan application process complicated,Negative
atm network unreliable,Neutral
interest rates savings account low,Neutral
mobile banking app lacks essential features,Neutral
loan documentation process cumbersome,Neutral
calculate loan emi,Neutral
branch enough staff,Neutral
credit card cashback offers good,Positive
credit card benefits rewarding,Positive
delivery debit card faster expected,Negative
savings account opening process easy,Positive
loan documentation process complicated,Negative
atm withdrawal limit low,Neutral
branch long wait time,Negative
processing time loan,Neutral
atm network unreliable,Neutral
savings account opening process smooth,Positive
credit card billing process confusing,Negative
loan interest rates competitive,Neutral
debit card reading chip,Neutral
current account services excellent especially business transactions,Positive
atm network unreliable,Neutral
bank security measures reassuring,Neutral
loan approval process straightforward hassle free,Positive
set online banking account,Neutral
dispute charge credit card,Neutral
loan customer service helpful,Neutral
process opening current account took long,Negative
loan processing fees clearly communicated,Positive
faced difficulty getting credit card activated,Neutral
interest rate car loan,Neutral
request bank statement online,Neutral
savings account interest rates competitive,Neutral
loan repayment terms flexible,Neutral
loan documentation process cumbersome,Neutral
customer service representatives credit cards rude,Negative
delivery debit card faster expected,Negative
loan documentation process cumbersome,Neutral
bank helpline always available,Positive
happy quick response customer support,Positive
fixed deposit interest rates attractive,Positive
debit card accepted many places,Positive
online banking security features excellent,Positive
savings account service charges high,Positive
overall banking services satisfactory meet needs,Neutral
atm withdrawal limit low,Neutral
atm fees high,Positive
pleased user friendly online banking portal,Positive
debit card accepted many places,Positive
current account statements clear detailed,Positive
mobile banking app support multiple accounts,Neutral
customer support credit card issues responsive,Neutral
process opening current account took long,Negative
happy fixed deposit renewal process,Positive
current account management convenient,Neutral
credit card statement error,Neutral
current account services excellent especially business transactions,Positive
get supplementary credit card family member,Neutral
savings account closed without proper notification,Negative
rewards program credit cards beneficial,Neutral
mobile app frequent downtime,Positive
debit card pin reset process confusing,Negative
want open savings account,Neutral
bank fraud protection services effective,Positive
current account statement easy access,Positive
customer service representatives credit cards rude,Negative
issues unauthorized charges credit card,Neutral
bank security measures mark,Neutral
loan prepayment charges high,Positive
mobile banking app support device,Neutral
atm withdrawal limit low,Neutral
atm often service,Neutral
loan application process complicated,Negative
replacement process lost debit cards efficient,Neutral
loan prepayment charges high,Positive
multiple savings accounts,Neutral
get passbook savings account,Neutral
savings account minimum balance requirement high,Positive
debit card pin reset process confusing,Negative
atm network unreliable,Neutral
atm fees high,Positive
online banking transactions secure,Positive
credit card customer service responsive,Neutral
credit card limit reduced,Neutral
want apply home loan documents required,Neutral
fixed deposit interest rates attractive,Positive
overdraft protection current accounts helpful,Neutral
delivery debit card faster expected,Negative
loan interest rates competitive,Neutral
atm fees high,Positive
credit card working abroad,Neutral
get checkbook current account,Neutral
rewards program credit cards beneficial,Neutral
savings account opening process easy,Positive
customer service loan unresponsive,Neutral
branch accessible disabled customers,Positive
debit card delivery delayed,Neutral
current account customer service poor,Negative
appreciate low fees savings account,Neutral
branch always crowded slow,Negative
fixed deposit rates competitive,Positive
current account management convenient,Neutral
loan application process complicated,Negative
branch always crowded,Neutral
fixed deposit renewal process easy,Positive
forgot debit card pin reset,Neutral
credit card generating statement,Neutral
branch long wait time,Negative
happy efficient customer support,Positive
current account management convenient,Neutral
daily withdrawal limits debit cards,Neutral
bank fraud protection measures inadequate,Neutral
current account maintenance charges high,Positive
branch enough seating,Neutral
savings account statements always incorrect,Neutral
atm often service,Neutral
online banking security features excellent,Positive
bank fraud protection measures inadequate,Neutral
loan prepayment charges high,Positive
savings account closed without proper notification,Negative
loan approval process took long,Negative
loan prepayment charges high,Positive
loan prepayment charges high,Positive
fixed deposit maturity process efficient,Positive
debit card activation process took long,Negative
mobile banking app user friendly,Positive
loan prepayment charges high,Positive
mobile app slow crashes often,Negative
mobile app biometric login,Neutral
debit card delivery delayed,Neutral
credit card accepted online,Neutral
bank website easy navigate,Positive
mobile banking app support device,Neutral
atm network unreliable,Neutral
online banking transactions secure,Positive
customer support credit cards unresponsive,Neutral
current account online banking features convenient,Neutral
deposit cash current account,Neutral
credit card travel benefits good,Positive
loan processing time long,Negative
mobile banking app support device,Neutral
debit card pin reset process confusing,Negative
get current account statement post,Neutral
online banking interface user friendly,Positive
loan documentation process complicated,Negative
branch always crowded,Neutral
happy fixed deposit tenure options,Positive
set direct deposit savings account,Positive
loan interest rate increased without prior notice,Neutral
maximum loan amount apply,Neutral
customer support debit card issues efficient,Neutral
loan prepayment charges high,Positive
charged incorrect fee savings account,Neutral
cashback offers credit cards attractive,Positive
loan interest rates competitive,Neutral
current account mobile app user friendly,Positive
transfer money current account,Neutral
happy cashback offers credit card,Positive
loan documentation process complicated,Negative
get savings account statement branch visit,Neutral
current account statements hard understand,Negative
increase credit card limit,Neutral
savings account minimum balance requirement low,Neutral
process changing debit card pin simple,Neutral
branch staff helpful,Neutral
loan interest rate increased without prior notice,Neutral
branch accessible disabled customers,Positive
many hidden fees savings account,Positive
credit card customer service responsive,Neutral
atm fees high,Positive
customer service savings accounts excellent,Positive
interest rate credit card reasonable,Positive
get credit card statement email,Neutral
interest rate education loan,Neutral
bank online customer service chat helpful,Neutral
bank customer service helpful,Neutral
online banking interface user friendly,Positive
debit card issuance process slow,Negative
current account management convenient,Neutral
use debit card recurring payments,Neutral
set automatic payments current account,Neutral
savings account interest rates competitive,Neutral
bank website difficult navigate,Negative
credit card travel benefits good,Positive
satisfied security features online banking,Positive
mobile banking app support device,Neutral
savings account interest rates low compared banks,Neutral
branch enough seating,Neutral
online banking interface user friendly,Positive
branch enough staff,Neutral
current account management convenient,Neutral
eligibility home loan,Neutral
customer service debit cards helpful,Neutral
customer support debit card issues efficient,Neutral
bank helpline always available,Positive
branch enough staff,Neutral
interest rates savings account low,Neutral
apply loan online,Neutral
loan interest rates high,Positive
current account balance alerts helpful,Neutral
debit card declined,Neutral
link savings account mobile number,Neutral
online banking system always,Neutral
current account mobile app user friendly,Positive
interest rates savings account competitive,Neutral
change current account type,Neutral
process opening savings account smooth quick,Positive
process getting new debit card tedious,Negative
loan disbursement process slow,Negative
process closing account,Neutral
open current account business,Neutral
loan prepayment charges high,Positive
interest rate credit card reasonable,Positive
atm network unreliable,Neutral
loan officers knowledgeable helpful,Neutral
loan repayment process confusing,Negative
credit card billing process confusing,Negative
credit limit increase process quick,Positive
satisfied customer support credit card issues,Positive
get bank guarantee current account,Neutral
satisfied easy fund transfer current account,Positive
loan officers knowledgeable,Neutral
mobile banking app crashes frequently,Positive
savings account customer service reliable,Neutral
increase limit credit card,Neutral
loan repayment terms flexible,Neutral
debit card delivery delayed,Neutral
bank fraud protection services effective,Positive
happy reward points credit card,Positive
mobile banking app enough features,Neutral
savings account interest rates low,Neutral
get car loan,Neutral
loan processing time long,Negative
loan application status check process,Neutral
loan documentation process complicated,Negative
open multiple current accounts,Neutral
satisfied easy access current account,Positive
process changing debit card pin simple,Neutral
loan documentation process cumbersome,Neutral
hard time disputing charge credit card,Negative
get loan home renovation,Neutral
update address bank records,Neutral
debit card pin reset process confusing,Negative
savings account minimum balance requirement low,Neutral
forgot debit card pin,Neutral
need information minimum balance requirement current accounts,Neutral
fixed deposit rates competitive,Positive
branch enough seating,Neutral
cashback offers credit cards attractive,Positive
loan prepayment charges high,Positive
loan documentation process cumbersome,Neutral
mobile banking app support multiple accounts,Neutral
branch enough seating,Neutral
loan processing time long,Negative
debit card delivered quickly,Positive
debit card recognized atm,Neutral
mobile banking app crashes frequently,Positive
current account transactions often delayed,Neutral
credit limit credit card low,Neutral
debit card pin reset process confusing,Negative
debit card delivery delayed,Neutral
faced several issues transferring money current account,Neutral
loan interest rates high,Positive
online banking customer support helpful,Neutral
penalty withdrawing savings account early,Positive
branch long wait time,Negative
current account maintenance charges high,Positive
loan officers knowledgeable helpful,Neutral
happy prompt service customer support,Positive
credit card cashback offers good,Positive
credit card travel benefits good,Positive
fixed deposit maturity process efficient,Positive
debit card working pos terminals,Neutral
loan disbursement process slow,Negative
bank customer service helpful,Neutral
debit card pin reset process confusing,Negative
current account balance alerts helpful,Neutral
current account management convenient,Neutral
maximum tenure personal loan,Neutral
daily withdrawal limit debit card low,Neutral
debit card working internationally,Neutral
mobile banking app support device,Neutral
online banking transactions secure,Positive
pleased quick approval loan,Positive
branch enough staff,Neutral
loan disbursement process slow,Negative
mobile banking app enough features,Neutral
mobile app support device,Neutral
get cheque book current account,Neutral
debit card working contactless payments,Neutral
online banking customer support helpful,Neutral
happy complimentary insurance credit card,Positive
satisfied easy account management current account,Positive
mobile banking app support device,Neutral
loan documentation process complicated,Negative
debit card frequently gets declined atms,Positive
loan application process complicated,Negative
loan disbursement process slow,Negative
minimum balance requirement current accounts high,Positive
fixed deposit maturity process efficient,Positive
customer service savings accounts prompt,Neutral
debit card pin reset process confusing,Negative
loan processing time long,Negative
atm network reliable,Neutral
minimum balance requirement current accounts high,Positive
get savings account statement post,Neutral
branch accessible disabled customers,Positive
get loan education,Neutral
satisfied customer support credit card issues,Positive
branch accessible disabled customers,Positive
debit card pin reset request processed correctly,Neutral
debit card frequently gets declined atms,Positive
loan officers knowledgeable,Neutral
debit card activation process slow,Negative
credit card complimentary insurance good,Positive
customer service representatives credit cards polite,Neutral
process updating contact information slow,Negative
loan prepayment charges high,Positive
debit card working,Neutral
get savings account statement email,Neutral
bank customer service responsive,Neutral
debit card activation process slow,Negative
loan processing fee high,Positive
satisfied easy online access savings account,Positive
branch enough seating,Neutral
transfer current account another branch,Neutral
apply new credit card,Positive
link current account multiple businesses,Neutral
debit card activation process slow,Negative
online banking customer support helpful,Neutral
faced difficulty getting credit card activated,Neutral
interest rates savings account low,Neutral
credit card fraud detection system works well,Neutral
atm network unreliable,Neutral
loan repayment process confusing,Negative
fixed deposit maturity process smooth,Positive
savings account minimum balance requirement high,Positive
atm fees high,Positive
current account statement easy access,Positive
mobile banking app support multiple accounts,Neutral
transaction fees current accounts,Neutral
debit card accepted many places,Positive
happy service branch,Positive
debit card delivery delayed,Neutral
bank helpline always busy,Positive
loan documentation process complicated,Negative
debit card accepted many places,Positive
online application process credit cards easy,Positive
savings account interest rates competitive,Neutral
branch staff courteous helpful,Positive
online banking security features excellent,Positive
loan interest rates competitive,Neutral
atm withdrawal limit low,Neutral
savings account interest rates low,Neutral
fixed deposit renewal process easy,Positive
debit card delivered quickly,Positive
online banking system often,Neutral
order new checks account,Positive
faced several issues transferring money current account,Neutral
loan documentation process complicated,Negative
current account online services reliable,Neutral
current account charges high,Positive
happy friendly customer support,Positive
issues unauthorized charges credit card,Neutral
bank website difficult navigate,Negative
credit card expiring soon,Neutral
loan processing time long,Negative
branch staff courteous helpful,Positive
branch always crowded,Neutral
branch staff helpful,Neutral
get overdraft protection current account,Neutral
savings account closed without proper notification,Negative
branch always crowded,Neutral
loan application process complicated,Negative
loan application process complicated,Negative
fixed deposit renewal process easy,Positive
customer service debit cards helpful,Neutral
customer service representatives credit cards polite,Neutral
mobile app biometric login,Neutral
credit card cashback offers good,Positive
mobile app slow crashes often,Negative
debit card delivery delayed,Neutral
credit card generating transaction history,Neutral
mobile banking app support multiple accounts,Neutral
savings account interest rates attractive,Positive
credit card billing process confusing,Negative
loan approval process straightforward hassle free,Positive
current account overdraft fees exorbitant,Neutral
debit card delivery delayed,Neutral
get loan wedding,Neutral
debit card accepted many places,Positive
bank online customer service chat helpful,Neutral
branch always crowded,Neutral
loan interest rates high,Positive
charged fee closing savings account,Neutral
credit card travel benefits good,Positive
branch enough staff,Neutral
atm network reliable,Neutral
online banking system often,Neutral
satisfied easy fund transfer current account,Positive
get savings account statement atm,Neutral
mobile banking app biometric login,Neutral
want open savings account,Neutral
happy cashback offers credit card,Positive
long take process loan application,Negative
close savings account,Neutral
get current account statement email,Neutral
savings account mobile banking app convenient,Neutral
debit card often gets blocked without reason,Neutral
process updating contact information slow,Negative
current account statements hard understand,Negative
processing fee loan,Neutral
debit card pin reset process confusing,Negative
customer support credit cards unresponsive,Neutral
fixed deposit renewal process easy,Positive
loan documentation process complicated,Negative
loan repayment options flexible,Neutral
savings account minimum balance requirement high,Positive
branch always crowded,Neutral
mobile app support multiple accounts,Neutral
debit card delivered time,Neutral
savings account opening process smooth quick,Positive
customer service savings accounts prompt,Neutral
happy rewards program credit card,Positive
loan processing fee high,Positive
debit card swallowed atm,Neutral
savings account minimum balance requirement low,Neutral
savings account mobile banking app convenient,Neutral
online application process credit cards easy,Positive
current account management convenient,Neutral
mobile banking app support multiple accounts,Neutral
debit card often gets blocked without reason,Neutral
debit card delivery delayed,Neutral
benefits platinum credit card,Neutral
current account statements clear detailed,Positive
happy prompt service customer support,Positive
atm fees high,Positive
mobile banking app enough features,Neutral
mobile banking app biometric login,Neutral
close current account,Neutral
happy fixed deposit renewal process,Positive
mobile banking app biometric login,Neutral
current account opening process easy,Positive
loan approval process straightforward hassle free,Positive
mobile app support device,Neutral
online banking customer support helpful,Neutral
savings account interest rates attractive,Positive
current account maintenance charges high,Positive
current account customer service poor,Negative
savings account minimum balance requirement low,Neutral
customer support credit card issues responsive,Neutral
need reset debit card pin,Neutral
fixed deposit interest rates,Positive
mobile banking app enough features,Neutral
mobile banking app support device,Neutral
savings account interest rates low,Neutral
loan prepayment charges high,Positive
credit limit credit card low,Neutral
mobile banking app enough features,Neutral
fixed deposit rates competitive,Positive
online banking system often,Neutral
transfer money current accounts,Neutral
report lost debit card,Neutral
bank customer service chat helpful,Neutral
link savings account mobile number,Neutral
loan processing time long,Negative
interest rates savings account competitive,Neutral
open current account,Neutral
minimum balance requirement current accounts high,Positive
happy service branch,Positive
debit card delivered time,Neutral
debit card delivery delayed,Neutral
debit card accepted many places,Positive
many hidden fees savings account,Positive
current account transactions often delayed,Neutral
interest rate credit card reasonable,Positive
happy interest rates fixed deposit,Positive
loan interest rates competitive,Neutral
atm network unreliable,Neutral
debit card transaction failed,Negative
get debit card current account,Neutral
current account management convenient,Neutral
debit card delivery delayed,Neutral
customer service representatives credit cards rude,Negative
debit card pin reset process confusing,Negative
loan application process complicated,Negative
mobile banking app enough features,Neutral
loan interest rates competitive,Neutral
loan documentation process complicated,Negative
mobile app support device,Neutral
bank security measures mark,Neutral
charges international wire transfers,Neutral
loan documentation process complicated,Negative
customer service savings accounts excellent,Positive
online banking system always,Neutral
mobile banking app support device,Neutral
current account balance alerts helpful,Neutral
current account services excellent especially business transactions,Positive
mobile banking app support device,Neutral
loan processing fee high,Positive
branch enough seating,Neutral
get mini statement savings account,Neutral
atm fees high,Positive
loan prepayment charges high,Positive
branch always crowded,Neutral
current account statements clear detailed,Positive
mobile app frequent downtime,Positive
replacement process lost debit cards efficient,Neutral
current account mobile app user friendly,Positive
bank fraud protection measures inadequate,Neutral
savings account minimum balance requirement high,Positive
savings account customer service reliable,Neutral
set spending limit debit card,Neutral
savings account minimum balance requirement high,Positive
debit card often gets blocked without reason,Neutral
debit card activation process complicated,Negative
savings account opening process smooth quick,Positive
branch accessible disabled customers,Positive
loan processing fee high,Positive
loan interest rates competitive,Neutral
branch always crowded slow,Negative
loan documentation process cumbersome,Neutral
current account maintenance charges high,Positive
loan documentation process complicated,Negative
credit card cashback offers good,Positive
open joint savings account,Neutral
branch enough seating,Neutral
current account mobile app crashes frequently,Positive
replacement process lost debit cards efficient,Neutral
debit card accepted many places,Positive
branch long wait time,Negative
debit card activation process slow,Negative
credit card generating payment history,Neutral
loan prepayment charges high,Positive
bank website difficult navigate,Negative
pleased high interest rates savings account,Positive
debit card working balance inquiries,Neutral
bank online services reliable,Neutral
debit card working cash withdrawals,Neutral
debit card working international transactions,Neutral
check credit card balance,Neutral
mobile banking app crashes frequently,Positive
loan prepayment charges high,Positive
savings account minimum balance requirement high,Positive
credit card rewards program excellent,Positive
credit card customer service responsive,Neutral
current account statement easy access,Positive
charged incorrect fee savings account,Neutral
debit card activation process slow,Negative
savings account service charges reasonable,Positive
prepay loan without penalties,Neutral
lost debit card,Neutral
bank helpline always busy,Positive
fixed deposit renewal process easy,Positive
set alerts account activity,Neutral
pleased secure online banking transactions,Positive
mobile banking app biometric login,Neutral
loan documentation process cumbersome,Neutral
loan interest rates competitive,Neutral
branch accessible disabled customers,Positive
atm near house always cash,Positive
branch accessible disabled customers,Positive
savings account interest rates attractive,Positive
pleased online banking interface,Positive
credit limit increase process quick,Positive
credit card rewards program excellent,Positive
atm network reliable,Neutral
loan interest rates high,Positive
online banking interface user friendly,Positive
debit card activation process took long,Negative
debit card pin reset request processed correctly,Neutral
current account management convenient,Neutral
fixed deposit maturity process smooth,Positive
branch accessible disabled customers,Positive
loan interest rates competitive,Neutral
need replacement lost debit card,Neutral
atm near office always functional,Positive
debit card pin reset process confusing,Negative
fixed deposit rates competitive,Positive
bank helpline always busy,Positive
atm fees high,Positive
loan disbursement process slow,Negative
atm network reliable,Neutral
mobile banking app user friendly,Positive
branch always crowded,Neutral
online banking customer support helpful,Neutral
satisfied customer support credit card issues,Positive
debit card pin reset process confusing,Negative
loan documentation process cumbersome,Neutral
savings account minimum balance requirement high,Positive
atm near house always cash,Positive
mobile banking app biometric login,Neutral
process getting new debit card tedious,Negative
faced issues fraudulent transactions credit card,Neutral
credit card generating pin,Neutral
debit card activation process straightforward,Positive
processing fees loans,Neutral
debit card delivered quickly,Positive
loan prepayment charges high,Positive
credit card billing process confusing,Negative
debit card working pin changes,Neutral
loan disbursement process slow,Negative
debit card working online transactions,Neutral
branch accessible disabled customers,Positive
get current account statement atm,Neutral
debit card accepted many places,Positive
savings account interest rates low,Neutral
atm withdrawal limit low,Neutral
interest rates home loans,Neutral
savings account mobile app glitchy,Neutral
loan processing fee high,Positive
debit card activation process slow,Negative
savings account opening process easy,Positive
savings account opening process easy,Positive
branch accessible disabled customers,Positive
loan processing time long,Negative
loan customer service helpful,Neutral
online banking customer support helpful,Neutral
debit card working international transactions,Neutral
loan disbursement process slow,Negative
current account transactions often delayed,Neutral
need check current account balance,Neutral
credit limit increase process quick,Positive
atm network unreliable,Neutral
mobile banking app support device,Neutral
current account charges high,Positive
debit card working mini statements,Neutral
loan repayment options flexible,Neutral
loan processing time long,Negative
activate new credit card,Positive
credit card travel benefits good,Positive
bank website easy navigate,Positive
withdraw cash using debit card internationally,Neutral
credit limit credit card low,Neutral
atm often service,Neutral
branch enough seating,Neutral
savings account statements always incorrect,Neutral
loan tenure options flexible,Neutral
credit card travel benefits good,Positive
loan processing time long,Negative
mobile banking app biometric login,Neutral
branch accessible disabled customers,Positive
fixed deposit maturity process smooth,Positive
get top existing loan,Positive
online banking interface intuitive,Neutral
mobile banking app crashes frequently,Positive
satisfied high interest rates savings account,Positive
loan customer service helpful,Neutral
customer support credit card issues responsive,Neutral
savings account mobile app glitchy,Neutral
atm network unreliable,Neutral
charges personal loan,Neutral
loan approval process took long,Negative
online banking interface intuitive,Neutral
loan approval process took long,Negative
hard time disputing charge credit card,Negative
loan disbursement process slow,Negative
current account management convenient,Neutral
current account statements hard understand,Negative
fixed deposit renewal process easy,Positive
loan disbursement process slow,Negative
close savings account,Neutral
customer support debit card issues efficient,Neutral
mobile banking app support device,Neutral
atm network reliable,Neutral
faced issues fraudulent transactions credit card,Neutral
mobile banking app support multiple accounts,Neutral
debit card delivery delayed,Neutral
fixed deposit interest rates attractive,Positive
mobile banking app biometric login,Neutral
online banking system always,Neutral
credit card generating cvv,Neutral
savings account interest rates low,Neutral
atm network reliable,Neutral
debit card accepted many places,Positive
charged fee closing savings account,Neutral
prepay loan,Neutral
loan repayment terms flexible,Neutral
bank customer service responsive,Neutral
bank online customer service chat helpful,Neutral
mobile banking app support device,Neutral
savings account service charges high,Positive
loan approval process slow cumbersome,Negative
branch enough staff,Neutral
loan application process complicated,Negative
branch enough staff,Neutral
savings account minimum balance requirement high,Positive
loan processing time long,Negative
debit card activation process straightforward,Positive
loan repayment process confusing,Negative
debit card delivery delayed,Neutral
bank security measures mark,Neutral
savings account service charges high,Positive
satisfied low minimum balance requirement savings account,Positive
loan processing fees clearly communicated,Positive
atm withdrawal limit low,Neutral
issues unauthorized charges credit card,Neutral
loan approval process took long,Negative
branch long wait time,Negative
change savings account type,Neutral
debit card pin reset process confusing,Negative
loan application process complicated,Negative
open joint savings account,Neutral
process getting new debit card tedious,Negative
credit card payment going,Neutral
atm fees high,Positive
atm fees high,Positive
savings account interest rates low,Neutral
facing issue credit card,Neutral
loan interest rates competitive,Neutral
savings account opening process smooth,Positive
happy travel benefits credit card,Positive
process getting new debit card quick easy,Positive
get e statement savings account,Neutral
loan processing fee high,Positive
branch always crowded,Neutral
loan prepayment charges high,Positive
current account opening process smooth,Positive
mobile banking app support device,Neutral
impressed easy process opening current account,Positive
atm charges high,Positive
branch accessible disabled customers,Positive
credit card travel benefits good,Positive
loan disbursement process slow,Negative
informed processing fees loan,Neutral
interest rates personal loans,Neutral
credit card complimentary insurance good,Positive
loan disbursement process slow,Negative
satisfied easy account management current account,Positive
atm often service,Neutral
mobile banking app support multiple accounts,Neutral
customer support credit cards unresponsive,Neutral
bank security measures reassuring,Neutral
savings account minimum balance requirement high,Positive
process apply loan,Neutral
debit card accepted many places,Positive
debit card working atms,Neutral
credit card showing transactions,Neutral
credit card complimentary insurance good,Positive
mobile banking app support device,Neutral
pleased secure online banking transactions,Positive
debit card pin reset process confusing,Negative
savings account minimum balance requirement high,Positive
close current account online,Neutral
current account statement easy access,Positive
add nominee savings account,Neutral
charged incorrect fee savings account,Neutral
loan documentation process complicated,Negative
loan disbursement process slow,Negative
loan approval process slow,Negative
credit card unauthorized charges,Neutral
get current account statement sms,Neutral
change credit card pin,Neutral
convert credit card different type,Neutral
bank security measures reassuring,Neutral
savings account statements always incorrect,Neutral
savings account interest rates low compared banks,Neutral
debit card activation process complicated,Negative
tell interest rate savings accounts,Neutral
atm network unreliable,Neutral
loan documentation process complicated,Negative
get loan startup,Neutral
debit card pin reset request processed correctly,Neutral
current account mobile app crashes frequently,Positive
current account maintenance charges high,Positive
apply personal loan,Neutral
loan processing time long,Negative
debit card issuance process slow,Negative
satisfied online banking experience,Positive
debit card accepted many places,Positive
loan application process complicated,Negative
debit card pin reset process confusing,Negative
loan documentation process cumbersome,Neutral
atm often service,Neutral
loan interest rates competitive,Neutral
loan interest rates competitive,Neutral
branch enough staff,Neutral
savings account service charges reasonable,Positive
debit card replacement process slow,Negative
loan interest rates competitive,Neutral
update address current account,Neutral
loan approval process slow cumbersome,Negative
atm near office always functional,Positive
bank customer service responsive,Neutral
current account customer service excellent,Positive
atm network unreliable,Neutral
get current account statement internet banking,Neutral
loan processing time long,Negative
fixed deposit maturity process smooth,Positive
debit card replacement process slow,Negative
pleased online banking customer support,Positive
happy fixed deposit interest rates,Positive
savings account mobile banking app convenient,Neutral
online banking system often,Neutral
mobile banking app support multiple accounts,Neutral
many hidden fees savings account,Positive
loan documentation process cumbersome,Neutral
credit card fraud detection system works well,Neutral
daily withdrawal limit debit card low,Neutral
loan approval process took long,Negative
debit card frequently gets declined atms,Positive
fixed deposit interest rates attractive,Positive
customer support credit card poor,Negative
loan interest rates competitive,Neutral
get savings account statement internet banking,Neutral
change savings account nominee,Neutral
savings account minimum balance requirement high,Positive
customer support credit card poor,Negative
loan disbursement process slow,Negative
debit card delivery delayed,Neutral
savings account interest rates low compared banks,Neutral
mobile banking app support multiple accounts,Neutral
get duplicate passbook savings account,Neutral
mobile banking app lacks essential features,Neutral
credit card payment due date incorrect fix,Negative
overall banking services satisfactory meet needs,Neutral
atm network reliable,Neutral
loan processing time long,Negative
loan interest rates competitive,Neutral
loan repayment options flexible,Neutral
atm withdrawal limit low,Neutral
loan application process complicated,Negative
process updating contact information slow,Negative
daily withdrawal limit debit card low,Neutral
informed processing fees loan,Neutral
satisfied low minimum balance requirement savings account,Positive
bank online services reliable,Neutral
debit card accepted many places,Positive
branch always crowded,Neutral
loan tenure options flexible,Neutral
credit card blocked,Neutral
customer service debit cards helpful,Neutral
branch accessible disabled customers,Positive
debit card activation process straightforward,Positive
current account customer service poor,Negative
current account opening process easy,Positive
branch staff courteous helpful,Positive
activate new debit card,Positive
branch accessible disabled customers,Positive
